id,category
0,0.49382635551870535
1,0.3757770848634421
2,0.523859592053086
3,0.7093049899454636
4,0.779429933675976
5,0.41238335409399474
6,0.35347526259810347
7,0.2759845044831287
8,0.7081575076121924
9,0.4877881690481791
10,0.6326102421221047
11,0.34938748839332745
12,0.3316821301898971
13,0.4668257800592488
14,0.4692027342003895
15,0.7932583211152371
16,0.47574935886428327
17,0.514596546307436
18,0.33153590741852024
19,0.5103658178370258
